cyberfact_id,cyberfact_polarity,cyberfact_score,event_date,publication_date,cyberfact_type,cyberfact_source_type,cyberfact_source,tag_super_type,macro_tag,tag,tag_super_type_id,macro_tag_id,tag_id,industry_description,industry_group_description,industry_target_parent_description,industry_target_description,market,industry_id,industry_group_id,industry_target_parent_id,industry_target_id,cyberfact_type_id,cyberfact_source_type_id,data_feed_ids
476824,-1,65,2014-11-05T00:00:00.000Z,2015-11-22T00:00:00.000Z,Cyber Attack,Social Media,http://newstreasury.com/nt/w5778.php,,,,,,,Consumer Goods,Hotels Motels and Cruiselines,,Starwood Hotels & Resorts Worldwide,NYSE,-10,57,,53702,2,3,-10|-100
476824,-1,65,2014-11-05T00:00:00.000Z,2015-11-22T00:00:00.000Z,Cyber Attack,Social Media,http://newstreasury.com/nt/w5778.php,Effect,Infected/Exploited Assets,compromised Point-of-Sales systems,5,-509,140926,,,,,,,,,,2,3,-10|-100
476824,-1,65,2014-11-05T00:00:00.000Z,2015-11-22T00:00:00.000Z,Cyber Attack,Social Media,http://newstreasury.com/nt/w5778.php,Effect,Infected/Exploited Assets,malware installation,5,-509,5106,,,,,,,,,,2,3,-10|-100
476824,-1,65,2014-11-05T00:00:00.000Z,2015-11-22T00:00:00.000Z,Cyber Attack,Social Media,http://newstreasury.com/nt/w5778.php,Actor,Identity Unknown,unidentified hacker,1,-105,17597,,,,,,,,,,2,3,-10|-100
476824,-1,65,2014-11-05T00:00:00.000Z,2015-11-22T00:00:00.000Z,Cyber Attack,Social Media,http://newstreasury.com/nt/w5778.php,Target,Point of Sale Systems/Software,Point-of-Sales (POS) systems,2,-283,135694,,,,,,,,,,2,3,-10|-100
476824,-1,65,2014-11-05T00:00:00.000Z,2015-11-22T00:00:00.000Z,Cyber Attack,Social Media,http://newstreasury.com/nt/w5778.php,Practice,Malware,unspecified malware,3,-300,164538,,,,,,,,,,2,3,-10|-100
517241,-1,76,2014-11-05T00:00:00.000Z,2015-12-12T00:00:00.000Z,Data Breach,Social Media,http://www.scoop.it/t/notes-from-the-occupation/p/4056633680/2015/12/10/hilton-data-breach-focuses-attention-on-growing-pos-malware-threat-darkreading-com,,,,,,,Consumer Goods,Hotels Motels and Cruiselines,,Starwood Hotels & Resorts Worldwide,NYSE,-10,57,,53702,8,3,-10|-100
517241,-1,76,2014-11-05T00:00:00.000Z,2015-12-12T00:00:00.000Z,Data Breach,Social Media,http://www.scoop.it/t/notes-from-the-occupation/p/4056633680/2015/12/10/hilton-data-breach-focuses-attention-on-growing-pos-malware-threat-darkreading-com,Effect,Financial Information Stolen/Leaked,stolen payment card data,5,-528,11363,,,,,,,,,,8,3,-10|-100
517241,-1,76,2014-11-05T00:00:00.000Z,2015-12-12T00:00:00.000Z,Data Breach,Social Media,http://www.scoop.it/t/notes-from-the-occupation/p/4056633680/2015/12/10/hilton-data-breach-focuses-attention-on-growing-pos-malware-threat-darkreading-com,Target,Data,customer data,2,-211,7812,,,,,,,,,,8,3,-10|-100
517241,-1,76,2014-11-05T00:00:00.000Z,2015-12-12T00:00:00.000Z,Data Breach,Social Media,http://www.scoop.it/t/notes-from-the-occupation/p/4056633680/2015/12/10/hilton-data-breach-focuses-attention-on-growing-pos-malware-threat-darkreading-com,Effect,Data Stolen/Leaked,stolen sensitive data,5,-500,5985,,,,,,,,,,8,3,-10|-100
517241,-1,76,2014-11-05T00:00:00.000Z,2015-12-12T00:00:00.000Z,Data Breach,Social Media,http://www.scoop.it/t/notes-from-the-occupation/p/4056633680/2015/12/10/hilton-data-breach-focuses-attention-on-growing-pos-malware-threat-darkreading-com,Practice,Network Intrusion,network security breach,3,-302,40078,,,,,,,,,,8,3,-10|-100
517241,-1,76,2014-11-05T00:00:00.000Z,2015-12-12T00:00:00.000Z,Data Breach,Social Media,http://www.scoop.it/t/notes-from-the-occupation/p/4056633680/2015/12/10/hilton-data-breach-focuses-attention-on-growing-pos-malware-threat-darkreading-com,Actor,Identity Unknown,unidentified hacker,1,-105,17597,,,,,,,,,,8,3,-10|-100
517241,-1,76,2014-11-05T00:00:00.000Z,2015-12-12T00:00:00.000Z,Data Breach,Social Media,http://www.scoop.it/t/notes-from-the-occupation/p/4056633680/2015/12/10/hilton-data-breach-focuses-attention-on-growing-pos-malware-threat-darkreading-com,Effect,Data Stolen/Leaked,data breach,5,-500,2490,,,,,,,,,,8,3,-10|-100
517241,-1,76,2014-11-05T00:00:00.000Z,2015-12-12T00:00:00.000Z,Data Breach,Social Media,http://www.scoop.it/t/notes-from-the-occupation/p/4056633680/2015/12/10/hilton-data-breach-focuses-attention-on-growing-pos-malware-threat-darkreading-com,Effect,Financial Information Stolen/Leaked,stolen cardholder data,5,-528,440263,,,,,,,,,,8,3,-10|-100
503219,-1,76,2014-11-05T00:00:00.000Z,2015-12-06T00:00:00.000Z,Data Breach,Social Media,https://twitter.com/security_score/status/672870693672001536/photo/1,,,,,,,Consumer Goods,Hotels Motels and Cruiselines,,Starwood Hotels & Resorts Worldwide,NYSE,-10,57,,53702,8,3,-10|-100
503219,-1,76,2014-11-05T00:00:00.000Z,2015-12-06T00:00:00.000Z,Data Breach,Social Media,https://twitter.com/security_score/status/672870693672001536/photo/1,Actor,Identity Unknown,unidentified hacker,1,-105,17597,,,,,,,,,,8,3,-10|-100
503219,-1,76,2014-11-05T00:00:00.000Z,2015-12-06T00:00:00.000Z,Data Breach,Social Media,https://twitter.com/security_score/status/672870693672001536/photo/1,Target,Data,customer data,2,-211,7812,,,,,,,,,,8,3,-10|-100
503219,-1,76,2014-11-05T00:00:00.000Z,2015-12-06T00:00:00.000Z,Data Breach,Social Media,https://twitter.com/security_score/status/672870693672001536/photo/1,Practice,Network Intrusion,network security breach,3,-302,40078,,,,,,,,,,8,3,-10|-100
503219,-1,76,2014-11-05T00:00:00.000Z,2015-12-06T00:00:00.000Z,Data Breach,Social Media,https://twitter.com/security_score/status/672870693672001536/photo/1,Effect,Data Stolen/Leaked,data breach,5,-500,2490,,,,,,,,,,8,3,-10|-100
503219,-1,76,2014-11-05T00:00:00.000Z,2015-12-06T00:00:00.000Z,Data Breach,Social Media,https://twitter.com/security_score/status/672870693672001536/photo/1,Effect,Financial Information Stolen/Leaked,stolen credit card data,5,-528,157692,,,,,,,,,,8,3,-10|-100
503224,-1,76,2014-11-05T00:00:00.000Z,2015-12-06T00:00:00.000Z,Data Breach,Social Media,http://presstelegraph.com/2015/12/04/starwood-hit-by-malware.html,,,,,,,Consumer Goods,Hotels Motels and Cruiselines,,Starwood Hotels & Resorts Worldwide,NYSE,-10,57,,53702,8,3,-10|-100
503224,-1,76,2014-11-05T00:00:00.000Z,2015-12-06T00:00:00.000Z,Data Breach,Social Media,http://presstelegraph.com/2015/12/04/starwood-hit-by-malware.html,Practice,Network Intrusion,network security breach,3,-302,40078,,,,,,,,,,8,3,-10|-100
503224,-1,76,2014-11-05T00:00:00.000Z,2015-12-06T00:00:00.000Z,Data Breach,Social Media,http://presstelegraph.com/2015/12/04/starwood-hit-by-malware.html,Effect,Financial Information Stolen/Leaked,stolen expiration dates,5,-528,164569,,,,,,,,,,8,3,-10|-100
503224,-1,76,2014-11-05T00:00:00.000Z,2015-12-06T00:00:00.000Z,Data Breach,Social Media,http://presstelegraph.com/2015/12/04/starwood-hit-by-malware.html,Effect,Financial Information Stolen/Leaked,stolen payment card numbers,5,-528,150671,,,,,,,,,,8,3,-10|-100
503224,-1,76,2014-11-05T00:00:00.000Z,2015-12-06T00:00:00.000Z,Data Breach,Social Media,http://presstelegraph.com/2015/12/04/starwood-hit-by-malware.html,Effect,Financial Information Stolen/Leaked,stolen payment card data,5,-528,11363,,,,,,,,,,8,3,-10|-100
503224,-1,76,2014-11-05T00:00:00.000Z,2015-12-06T00:00:00.000Z,Data Breach,Social Media,http://presstelegraph.com/2015/12/04/starwood-hit-by-malware.html,Effect,Data Stolen/Leaked,data breach,5,-500,2490,,,,,,,,,,8,3,-10|-100
503224,-1,76,2014-11-05T00:00:00.000Z,2015-12-06T00:00:00.000Z,Data Breach,Social Media,http://presstelegraph.com/2015/12/04/starwood-hit-by-malware.html,Actor,Identity Unknown,unidentified hacker,1,-105,17597,,,,,,,,,,8,3,-10|-100
503224,-1,76,2014-11-05T00:00:00.000Z,2015-12-06T00:00:00.000Z,Data Breach,Social Media,http://presstelegraph.com/2015/12/04/starwood-hit-by-malware.html,Effect,Financial Information Stolen/Leaked,stolen payment card security codes,5,-528,188312,,,,,,,,,,8,3,-10|-100
503224,-1,76,2014-11-05T00:00:00.000Z,2015-12-06T00:00:00.000Z,Data Breach,Social Media,http://presstelegraph.com/2015/12/04/starwood-hit-by-malware.html,Target,Data,payment card data,2,-211,110093,,,,,,,,,,8,3,-10|-100
499334,-1,76,2014-11-05T00:00:00.000Z,2015-12-03T00:00:00.000Z,Data Breach,Social Media,http://www.eweek.com/security/starwood-hotels-fell-victim-to-data-breaches-at-54-locations.html?dni=287350038&rni=26695727,,,,,,,Consumer Goods,Hotels Motels and Cruiselines,,Starwood Hotels & Resorts Worldwide,NYSE,-10,57,,53702,8,3,-10|-100
499334,-1,76,2014-11-05T00:00:00.000Z,2015-12-03T00:00:00.000Z,Data Breach,Social Media,http://www.eweek.com/security/starwood-hotels-fell-victim-to-data-breaches-at-54-locations.html?dni=287350038&rni=26695727,Effect,Financial Information Stolen/Leaked,stolen card verification values (CVV),5,-528,171436,,,,,,,,,,8,3,-10|-100
499334,-1,76,2014-11-05T00:00:00.000Z,2015-12-03T00:00:00.000Z,Data Breach,Social Media,http://www.eweek.com/security/starwood-hotels-fell-victim-to-data-breaches-at-54-locations.html?dni=287350038&rni=26695727,Effect,Personal Information Stolen/Leaked,stolen names,5,-522,21361,,,,,,,,,,8,3,-10|-100
499334,-1,76,2014-11-05T00:00:00.000Z,2015-12-03T00:00:00.000Z,Data Breach,Social Media,http://www.eweek.com/security/starwood-hotels-fell-victim-to-data-breaches-at-54-locations.html?dni=287350038&rni=26695727,Actor,Identity Unknown,unidentified hacker,1,-105,17597,,,,,,,,,,8,3,-10|-100
499334,-1,76,2014-11-05T00:00:00.000Z,2015-12-03T00:00:00.000Z,Data Breach,Social Media,http://www.eweek.com/security/starwood-hotels-fell-victim-to-data-breaches-at-54-locations.html?dni=287350038&rni=26695727,Effect,Financial Information Stolen/Leaked,stolen expiration dates,5,-528,164569,,,,,,,,,,8,3,-10|-100
499334,-1,76,2014-11-05T00:00:00.000Z,2015-12-03T00:00:00.000Z,Data Breach,Social Media,http://www.eweek.com/security/starwood-hotels-fell-victim-to-data-breaches-at-54-locations.html?dni=287350038&rni=26695727,Effect,Data Stolen/Leaked,data breach,5,-500,2490,,,,,,,,,,8,3,-10|-100
499334,-1,76,2014-11-05T00:00:00.000Z,2015-12-03T00:00:00.000Z,Data Breach,Social Media,http://www.eweek.com/security/starwood-hotels-fell-victim-to-data-breaches-at-54-locations.html?dni=287350038&rni=26695727,Effect,Financial Information Stolen/Leaked,stolen payment card numbers,5,-528,150671,,,,,,,,,,8,3,-10|-100
499334,-1,76,2014-11-05T00:00:00.000Z,2015-12-03T00:00:00.000Z,Data Breach,Social Media,http://www.eweek.com/security/starwood-hotels-fell-victim-to-data-breaches-at-54-locations.html?dni=287350038&rni=26695727,Practice,Network Intrusion,network security breach,3,-302,40078,,,,,,,,,,8,3,-10|-100
499334,-1,76,2014-11-05T00:00:00.000Z,2015-12-03T00:00:00.000Z,Data Breach,Social Media,http://www.eweek.com/security/starwood-hotels-fell-victim-to-data-breaches-at-54-locations.html?dni=287350038&rni=26695727,Target,Data,customer data,2,-211,7812,,,,,,,,,,8,3,-10|-100
544096,-1,65,2015-12-23T00:00:00.000Z,2015-12-28T00:00:00.000Z,Cyber Attack,Social Media,http://toinformistoinfluence.com/2015/12/24/hackers-attacked-the-power-companies-in-western-ukraine/,,,,,,,Utilities,Electric Utilities,,Prykarpattyaoblenergo,,-9,121,,466224,2,3,-9|-100
544096,-1,65,2015-12-23T00:00:00.000Z,2015-12-28T00:00:00.000Z,Cyber Attack,Social Media,http://toinformistoinfluence.com/2015/12/24/hackers-attacked-the-power-companies-in-western-ukraine/,Effect,Infected/Exploited Assets,compromised network,5,-509,101730,,,,,,,,,,2,3,-9|-100
544096,-1,65,2015-12-23T00:00:00.000Z,2015-12-28T00:00:00.000Z,Cyber Attack,Social Media,http://toinformistoinfluence.com/2015/12/24/hackers-attacked-the-power-companies-in-western-ukraine/,Target,Industrial Equipment,Industrial Control Systems (ICS),2,-243,105295,,,,,,,,,,2,3,-9|-100
544096,-1,65,2015-12-23T00:00:00.000Z,2015-12-28T00:00:00.000Z,Cyber Attack,Social Media,http://toinformistoinfluence.com/2015/12/24/hackers-attacked-the-power-companies-in-western-ukraine/,Target,Private Networks,Prykarpattyaoblenergo network,2,-278,469349,,,,,,,,,,2,3,-9|-100
544096,-1,65,2015-12-23T00:00:00.000Z,2015-12-28T00:00:00.000Z,Cyber Attack,Social Media,http://toinformistoinfluence.com/2015/12/24/hackers-attacked-the-power-companies-in-western-ukraine/,Practice,Malware,unspecified malware,3,-300,164538,,,,,,,,,,2,3,-9|-100
544096,-1,65,2015-12-23T00:00:00.000Z,2015-12-28T00:00:00.000Z,Cyber Attack,Social Media,http://toinformistoinfluence.com/2015/12/24/hackers-attacked-the-power-companies-in-western-ukraine/,Effect,Infected/Exploited Assets,malware installation,5,-509,5106,,,,,,,,,,2,3,-9|-100
544096,-1,65,2015-12-23T00:00:00.000Z,2015-12-28T00:00:00.000Z,Cyber Attack,Social Media,http://toinformistoinfluence.com/2015/12/24/hackers-attacked-the-power-companies-in-western-ukraine/,Actor,Identity Unknown,unidentified Russian hacker,1,-105,15709,,,,,,,,,,2,3,-9|-100
588006,-1,55,2015-12-23T00:00:00.000Z,2016-01-22T00:00:00.000Z,Cyber Attack,Social Media,http://itsecuritynews.info/2016/01/22/malware-based-on-open-source-backdoor-targeting-ukraine-power-industries-2/,,,,,,,Utilities,Electric Utilities,,Prykarpattyaoblenergo,,-9,121,,466224,2,3,-9|-100
588006,-1,55,2015-12-23T00:00:00.000Z,2016-01-22T00:00:00.000Z,Cyber Attack,Social Media,http://itsecuritynews.info/2016/01/22/malware-based-on-open-source-backdoor-targeting-ukraine-power-industries-2/,Practice,Unauthorized Access,unauthorized system access,3,-303,196780,,,,,,,,,,2,3,-9|-100
588006,-1,55,2015-12-23T00:00:00.000Z,2016-01-22T00:00:00.000Z,Cyber Attack,Social Media,http://itsecuritynews.info/2016/01/22/malware-based-on-open-source-backdoor-targeting-ukraine-power-industries-2/,Effect,Infected/Exploited Assets,compromised network,5,-509,101730,,,,,,,,,,2,3,-9|-100
588006,-1,55,2015-12-23T00:00:00.000Z,2016-01-22T00:00:00.000Z,Cyber Attack,Social Media,http://itsecuritynews.info/2016/01/22/malware-based-on-open-source-backdoor-targeting-ukraine-power-industries-2/,Actor,Identity Unknown,unidentified hacker,1,-105,17597,,,,,,,,,,2,3,-9|-100
588006,-1,55,2015-12-23T00:00:00.000Z,2016-01-22T00:00:00.000Z,Cyber Attack,Social Media,http://itsecuritynews.info/2016/01/22/malware-based-on-open-source-backdoor-targeting-ukraine-power-industries-2/,Target,Private Networks,corporate networks,2,-278,10226,,,,,,,,,,2,3,-9|-100
588006,-1,55,2015-12-23T00:00:00.000Z,2016-01-22T00:00:00.000Z,Cyber Attack,Social Media,http://itsecuritynews.info/2016/01/22/malware-based-on-open-source-backdoor-targeting-ukraine-power-industries-2/,Practice,Malware,BlackEnergy backdoor,3,-300,153876,,,,,,,,,,2,3,-9|-100
583976,-1,79,2016-01-20T00:00:00.000Z,2016-01-20T00:00:00.000Z,Research,Social Media,https://twitter.com/Xc0resecurity/status/689851283935629312/photo/1,,,,,,,Utilities,Electric Utilities,,"AES Kyivoblenergo CJSC ",,-9,121,,493235,9,3,-9|-100
583976,-1,79,2016-01-20T00:00:00.000Z,2016-01-20T00:00:00.000Z,Research,Social Media,https://twitter.com/Xc0resecurity/status/689851283935629312/photo/1,,,,,,,Utilities,Electric Utilities,,Prykarpattyaoblenergo,,-9,121,,466224,9,3,-9|-100
583976,-1,79,2016-01-20T00:00:00.000Z,2016-01-20T00:00:00.000Z,Research,Social Media,https://twitter.com/Xc0resecurity/status/689851283935629312/photo/1,Effect,Service Interruption,service downtime,5,-508,4313,,,,,,,,,,9,3,-9|-100
583976,-1,79,2016-01-20T00:00:00.000Z,2016-01-20T00:00:00.000Z,Research,Social Media,https://twitter.com/Xc0resecurity/status/689851283935629312/photo/1,Effect,Threat Intelligence,information sharing,5,-513,139114,,,,,,,,,,9,3,-9|-100
583976,-1,79,2016-01-20T00:00:00.000Z,2016-01-20T00:00:00.000Z,Research,Social Media,https://twitter.com/Xc0resecurity/status/689851283935629312/photo/1,Actor,Identity Unknown,unidentified Russian hacker,1,-105,15709,,,,,,,,,,9,3,-9|-100
583976,-1,79,2016-01-20T00:00:00.000Z,2016-01-20T00:00:00.000Z,Research,Social Media,https://twitter.com/Xc0resecurity/status/689851283935629312/photo/1,Target,Industrial Equipment,Industrial Control Systems (ICS),2,-243,105295,,,,,,,,,,9,3,-9|-100
583976,-1,79,2016-01-20T00:00:00.000Z,2016-01-20T00:00:00.000Z,Research,Social Media,https://twitter.com/Xc0resecurity/status/689851283935629312/photo/1,Practice,Network Attack,Telephony Denial of Service (TDoS),3,-301,130149,,,,,,,,,,9,3,-9|-100
583976,-1,79,2016-01-20T00:00:00.000Z,2016-01-20T00:00:00.000Z,Research,Social Media,https://twitter.com/Xc0resecurity/status/689851283935629312/photo/1,Practice,Malware,BlackEnergy backdoor,3,-300,153876,,,,,,,,,,9,3,-9|-100
583976,-1,79,2016-01-20T00:00:00.000Z,2016-01-20T00:00:00.000Z,Research,Social Media,https://twitter.com/Xc0resecurity/status/689851283935629312/photo/1,Effect,Service Interruption,power outage,5,-508,2498,,,,,,,,,,9,3,-9|-100
583976,-1,79,2016-01-20T00:00:00.000Z,2016-01-20T00:00:00.000Z,Research,Social Media,https://twitter.com/Xc0resecurity/status/689851283935629312/photo/1,Practice,Malware,multi-stage malware,3,-300,144662,,,,,,,,,,9,3,-9|-100
583976,-1,79,2016-01-20T00:00:00.000Z,2016-01-20T00:00:00.000Z,Research,Social Media,https://twitter.com/Xc0resecurity/status/689851283935629312/photo/1,Practice,Malware,KillDisk trojan,3,-300,481314,,,,,,,,,,9,3,-9|-100
583976,-1,79,2016-01-20T00:00:00.000Z,2016-01-20T00:00:00.000Z,Research,Social Media,https://twitter.com/Xc0resecurity/status/689851283935629312/photo/1,Positive Actor,Information Security,CyS Centrum,6,-107,514576,,,,,,,,,,9,3,-9|-100
583976,-1,79,2016-01-20T00:00:00.000Z,2016-01-20T00:00:00.000Z,Research,Social Media,https://twitter.com/Xc0resecurity/status/689851283935629312/photo/1,Effect,Data Altered/Destroyed,data destroyed,5,-524,5327,,,,,,,,,,9,3,-9|-100
583976,-1,79,2016-01-20T00:00:00.000Z,2016-01-20T00:00:00.000Z,Research,Social Media,https://twitter.com/Xc0resecurity/status/689851283935629312/photo/1,Practice,Security Research,security research,3,-311,100818,,,,,,,,,,9,3,-9|-100
583976,-1,79,2016-01-20T00:00:00.000Z,2016-01-20T00:00:00.000Z,Research,Social Media,https://twitter.com/Xc0resecurity/status/689851283935629312/photo/1,Positive Actor,Information Security,Computer Emergency Response Team of Ukraine,6,-107,514577,,,,,,,,,,9,3,-9|-100
583976,-1,79,2016-01-20T00:00:00.000Z,2016-01-20T00:00:00.000Z,Research,Social Media,https://twitter.com/Xc0resecurity/status/689851283935629312/photo/1,Practice,Malware,BlackEnergy3 backdoor,3,-300,514575,,,,,,,,,,9,3,-9|-100
580948,-1,74,2015-12-23T00:00:00.000Z,2016-01-19T00:00:00.000Z,Cyber Attack,Social Media,http://www.tripwire.com/state-of-security/latest-security-news/blackenergy-involved-in-targeted-attack-against-boryspil-airport-says-ukraine/#.VpzbafJKuv8.twitter,,,,,,,Utilities,Electric Utilities,,Prykarpattyaoblenergo,,-9,121,,466224,2,3,-9|-100
580948,-1,74,2015-12-23T00:00:00.000Z,2016-01-19T00:00:00.000Z,Cyber Attack,Social Media,http://www.tripwire.com/state-of-security/latest-security-news/blackenergy-involved-in-targeted-attack-against-boryspil-airport-says-ukraine/#.VpzbafJKuv8.twitter,Effect,Service Interruption,service downtime,5,-508,4313,,,,,,,,,,2,3,-9|-100
580948,-1,74,2015-12-23T00:00:00.000Z,2016-01-19T00:00:00.000Z,Cyber Attack,Social Media,http://www.tripwire.com/state-of-security/latest-security-news/blackenergy-involved-in-targeted-attack-against-boryspil-airport-says-ukraine/#.VpzbafJKuv8.twitter,Practice,Malware,BlackEnergy backdoor,3,-300,153876,,,,,,,,,,2,3,-9|-100
580948,-1,74,2015-12-23T00:00:00.000Z,2016-01-19T00:00:00.000Z,Cyber Attack,Social Media,http://www.tripwire.com/state-of-security/latest-security-news/blackenergy-involved-in-targeted-attack-against-boryspil-airport-says-ukraine/#.VpzbafJKuv8.twitter,Target,Infrastructure and Utilities,Ukrainian power companies systems,2,-285,510982,,,,,,,,,,2,3,-9|-100
580948,-1,74,2015-12-23T00:00:00.000Z,2016-01-19T00:00:00.000Z,Cyber Attack,Social Media,http://www.tripwire.com/state-of-security/latest-security-news/blackenergy-involved-in-targeted-attack-against-boryspil-airport-says-ukraine/#.VpzbafJKuv8.twitter,Actor,Identity Unknown,unidentified hacker,1,-105,17597,,,,,,,,,,2,3,-9|-100
581629,-1,88,2015-12-23T00:00:00.000Z,2016-01-19T00:00:00.000Z,Cyber Attack,Social Media,http://blog.checkpoint.com/2016/01/18/ukraine-power-outage-demonstrates-infrastructure-vulnerability/,,,,,,,Utilities,Electric Utilities,,Prykarpattyaoblenergo,,-9,121,,466224,2,3,-9|-100
581629,-1,88,2015-12-23T00:00:00.000Z,2016-01-19T00:00:00.000Z,Cyber Attack,Social Media,http://blog.checkpoint.com/2016/01/18/ukraine-power-outage-demonstrates-infrastructure-vulnerability/,Actor,State-sponsored,SandWorm Team,1,-100,164903,,,,,,,,,,2,3,-9|-100
581629,-1,88,2015-12-23T00:00:00.000Z,2016-01-19T00:00:00.000Z,Cyber Attack,Social Media,http://blog.checkpoint.com/2016/01/18/ukraine-power-outage-demonstrates-infrastructure-vulnerability/,Practice,Malware,SSH backdoor,3,-300,496779,,,,,,,,,,2,3,-9|-100
581629,-1,88,2015-12-23T00:00:00.000Z,2016-01-19T00:00:00.000Z,Cyber Attack,Social Media,http://blog.checkpoint.com/2016/01/18/ukraine-power-outage-demonstrates-infrastructure-vulnerability/,Practice,Social Engineering,spear phishing,3,-304,1412,,,,,,,,,,2,3,-9|-100
581629,-1,88,2015-12-23T00:00:00.000Z,2016-01-19T00:00:00.000Z,Cyber Attack,Social Media,http://blog.checkpoint.com/2016/01/18/ukraine-power-outage-demonstrates-infrastructure-vulnerability/,Practice,Malware,KillDisk trojan,3,-300,481314,,,,,,,,,,2,3,-9|-100
581629,-1,88,2015-12-23T00:00:00.000Z,2016-01-19T00:00:00.000Z,Cyber Attack,Social Media,http://blog.checkpoint.com/2016/01/18/ukraine-power-outage-demonstrates-infrastructure-vulnerability/,Practice,Malware,BlackEnergy backdoor,3,-300,153876,,,,,,,,,,2,3,-9|-100
581629,-1,88,2015-12-23T00:00:00.000Z,2016-01-19T00:00:00.000Z,Cyber Attack,Social Media,http://blog.checkpoint.com/2016/01/18/ukraine-power-outage-demonstrates-infrastructure-vulnerability/,Effect,Infected/Exploited Assets,compromised network,5,-509,101730,,,,,,,,,,2,3,-9|-100
581629,-1,88,2015-12-23T00:00:00.000Z,2016-01-19T00:00:00.000Z,Cyber Attack,Social Media,http://blog.checkpoint.com/2016/01/18/ukraine-power-outage-demonstrates-infrastructure-vulnerability/,Practice,Social Engineering,malicious email attachment,3,-304,18485,,,,,,,,,,2,3,-9|-100
581629,-1,88,2015-12-23T00:00:00.000Z,2016-01-19T00:00:00.000Z,Cyber Attack,Social Media,http://blog.checkpoint.com/2016/01/18/ukraine-power-outage-demonstrates-infrastructure-vulnerability/,Practice,Malware,macro-enabled malware,3,-300,195658,,,,,,,,,,2,3,-9|-100
581629,-1,88,2015-12-23T00:00:00.000Z,2016-01-19T00:00:00.000Z,Cyber Attack,Social Media,http://blog.checkpoint.com/2016/01/18/ukraine-power-outage-demonstrates-infrastructure-vulnerability/,Target,Industrial Equipment,Ivano-Frankivsk region Industrial Control Systems (ICS),2,-243,511779,,,,,,,,,,2,3,-9|-100
581629,-1,88,2015-12-23T00:00:00.000Z,2016-01-19T00:00:00.000Z,Cyber Attack,Social Media,http://blog.checkpoint.com/2016/01/18/ukraine-power-outage-demonstrates-infrastructure-vulnerability/,Effect,Destruction of Property,disable power grid,5,-506,22074,,,,,,,,,,2,3,-9|-100
278854,-1,55,2014-12-01T00:00:00.000Z,2015-06-06T00:00:00.000Z,Cyber Attack,Social Media,http://www.govexec.com/technology/2015/06/opm-send-data-breach-notifications-federal-employees-next-week/114556/,,,,,,,Government,Administration and Support,United States government,United States Office of Personnel Management,,-4,139,52617,154989,2,3,-100|-4
278854,-1,55,2014-12-01T00:00:00.000Z,2015-06-06T00:00:00.000Z,Cyber Attack,Social Media,http://www.govexec.com/technology/2015/06/opm-send-data-breach-notifications-federal-employees-next-week/114556/,Practice,Network Intrusion,network security breach,3,-302,40078,,,,,,,,,,2,3,-100|-4
278854,-1,55,2014-12-01T00:00:00.000Z,2015-06-06T00:00:00.000Z,Cyber Attack,Social Media,http://www.govexec.com/technology/2015/06/opm-send-data-breach-notifications-federal-employees-next-week/114556/,Target,Private Networks,unclassified network,2,-278,104139,,,,,,,,,,2,3,-100|-4
278854,-1,55,2014-12-01T00:00:00.000Z,2015-06-06T00:00:00.000Z,Cyber Attack,Social Media,http://www.govexec.com/technology/2015/06/opm-send-data-breach-notifications-federal-employees-next-week/114556/,Effect,Infected/Exploited Assets,compromised network,5,-509,101730,,,,,,,,,,2,3,-100|-4
278854,-1,55,2014-12-01T00:00:00.000Z,2015-06-06T00:00:00.000Z,Cyber Attack,Social Media,http://www.govexec.com/technology/2015/06/opm-send-data-breach-notifications-federal-employees-next-week/114556/,Actor,Identity Unknown,unidentified Chinese hacker,1,-105,14738,,,,,,,,,,2,3,-100|-4
286712,-1,69,2014-12-01T00:00:00.000Z,2015-07-01T00:00:00.000Z,Data Breach,Social Media,http://blogs.fedsmith.com/2015/06/29/afge-sues-opm-over-data-breaches/,,,,,,,Government,Administration and Support,United States government,United States Office of Personnel Management,,-4,139,52617,154989,8,3,-100|-4
286712,-1,69,2014-12-01T00:00:00.000Z,2015-07-01T00:00:00.000Z,Data Breach,Social Media,http://blogs.fedsmith.com/2015/06/29/afge-sues-opm-over-data-breaches/,Target,Data,employee data,2,-211,145981,,,,,,,,,,8,3,-100|-4
286712,-1,69,2014-12-01T00:00:00.000Z,2015-07-01T00:00:00.000Z,Data Breach,Social Media,http://blogs.fedsmith.com/2015/06/29/afge-sues-opm-over-data-breaches/,Effect,Data Stolen/Leaked,data breach,5,-500,2490,,,,,,,,,,8,3,-100|-4
286712,-1,69,2014-12-01T00:00:00.000Z,2015-07-01T00:00:00.000Z,Data Breach,Social Media,http://blogs.fedsmith.com/2015/06/29/afge-sues-opm-over-data-breaches/,Actor,Identity Unknown,unidentified hacker,1,-105,17597,,,,,,,,,,8,3,-100|-4
286712,-1,69,2014-12-01T00:00:00.000Z,2015-07-01T00:00:00.000Z,Data Breach,Social Media,http://blogs.fedsmith.com/2015/06/29/afge-sues-opm-over-data-breaches/,Practice,Network Intrusion,network security breach,3,-302,40078,,,,,,,,,,8,3,-100|-4
286712,-1,69,2014-12-01T00:00:00.000Z,2015-07-01T00:00:00.000Z,Data Breach,Social Media,http://blogs.fedsmith.com/2015/06/29/afge-sues-opm-over-data-breaches/,Effect,Personal Information Stolen/Leaked,stolen personal information,5,-522,4830,,,,,,,,,,8,3,-100|-4
286709,0,51,2015-06-29T00:00:00.000Z,2015-07-01T00:00:00.000Z,Vulnerabilities,Social Media,http://www.itnews.com/data-breach/94455/us-personnel-agency-takes-system-offline-after-hack,,,,,,,Government,Administration and Support,United States government,United States Office of Personnel Management,,-4,139,52617,154989,6,3,-100|-4
286709,0,51,2015-06-29T00:00:00.000Z,2015-07-01T00:00:00.000Z,Vulnerabilities,Social Media,http://www.itnews.com/data-breach/94455/us-personnel-agency-takes-system-offline-after-hack,Practice,Unauthorized Access,security vulnerability,3,-303,19558,,,,,,,,,,6,3,-100|-4
286709,0,51,2015-06-29T00:00:00.000Z,2015-07-01T00:00:00.000Z,Vulnerabilities,Social Media,http://www.itnews.com/data-breach/94455/us-personnel-agency-takes-system-offline-after-hack,Effect,Infected/Exploited Assets,compromised network,5,-509,101730,,,,,,,,,,6,3,-100|-4
286709,0,51,2015-06-29T00:00:00.000Z,2015-07-01T00:00:00.000Z,Vulnerabilities,Social Media,http://www.itnews.com/data-breach/94455/us-personnel-agency-takes-system-offline-after-hack,Practice,Security Research,vulnerability research,3,-311,126859,,,,,,,,,,6,3,-100|-4
286709,0,51,2015-06-29T00:00:00.000Z,2015-07-01T00:00:00.000Z,Vulnerabilities,Social Media,http://www.itnews.com/data-breach/94455/us-personnel-agency-takes-system-offline-after-hack,Effect,Threat Intelligence,vulnerability discovered,5,-513,40064,,,,,,,,,,6,3,-100|-4
286709,0,51,2015-06-29T00:00:00.000Z,2015-07-01T00:00:00.000Z,Vulnerabilities,Social Media,http://www.itnews.com/data-breach/94455/us-personnel-agency-takes-system-offline-after-hack,Positive Actor,Law Enforcement/Authority,United States Office of Personnel Management,6,-108,205925,,,,,,,,,,6,3,-100|-4
286709,0,51,2015-06-29T00:00:00.000Z,2015-07-01T00:00:00.000Z,Vulnerabilities,Social Media,http://www.itnews.com/data-breach/94455/us-personnel-agency-takes-system-offline-after-hack,Target,Cloud Services/Applications,OPM E-QIP System,2,-284,205975,,,,,,,,,,6,3,-100|-4
286697,-1,90,2014-03-01T00:00:00.000Z,2015-07-01T00:00:00.000Z,Data Breach,Social Media,http://www.washingtonpost.com/blogs/federal-eye/wp/2015/06/28/feds-anger-grows-over-data-breach-amid-predictions-that-the-number-affected-could-rise/?wpisrc,,,,,,,Government,Administration and Support,United States government,United States Office of Personnel Management,,-4,139,52617,154989,8,3,-100|-4
286697,-1,90,2014-03-01T00:00:00.000Z,2015-07-01T00:00:00.000Z,Data Breach,Social Media,http://www.washingtonpost.com/blogs/federal-eye/wp/2015/06/28/feds-anger-grows-over-data-breach-amid-predictions-that-the-number-affected-could-rise/?wpisrc,Effect,Financial Information Stolen/Leaked,stolen credit card numbers,5,-528,2371,,,,,,,,,,8,3,-100|-4
286697,-1,90,2014-03-01T00:00:00.000Z,2015-07-01T00:00:00.000Z,Data Breach,Social Media,http://www.washingtonpost.com/blogs/federal-eye/wp/2015/06/28/feds-anger-grows-over-data-breach-amid-predictions-that-the-number-affected-could-rise/?wpisrc,Effect,Infected/Exploited Assets,compromised network,5,-509,101730,,,,,,,,,,8,3,-100|-4
286697,-1,90,2014-03-01T00:00:00.000Z,2015-07-01T00:00:00.000Z,Data Breach,Social Media,http://www.washingtonpost.com/blogs/federal-eye/wp/2015/06/28/feds-anger-grows-over-data-breach-amid-predictions-that-the-number-affected-could-rise/?wpisrc,Effect,Personal Information Stolen/Leaked,stolen financial history,5,-522,202928,,,,,,,,,,8,3,-100|-4
286697,-1,90,2014-03-01T00:00:00.000Z,2015-07-01T00:00:00.000Z,Data Breach,Social Media,http://www.washingtonpost.com/blogs/federal-eye/wp/2015/06/28/feds-anger-grows-over-data-breach-amid-predictions-that-the-number-affected-could-rise/?wpisrc,Effect,Personal Information Stolen/Leaked,stolen work history,5,-522,205567,,,,,,,,,,8,3,-100|-4
286697,-1,90,2014-03-01T00:00:00.000Z,2015-07-01T00:00:00.000Z,Data Breach,Social Media,http://www.washingtonpost.com/blogs/federal-eye/wp/2015/06/28/feds-anger-grows-over-data-breach-amid-predictions-that-the-number-affected-could-rise/?wpisrc,Effect,Personal Information Stolen/Leaked,stolen social security numbers,5,-522,8383,,,,,,,,,,8,3,-100|-4
286697,-1,90,2014-03-01T00:00:00.000Z,2015-07-01T00:00:00.000Z,Data Breach,Social Media,http://www.washingtonpost.com/blogs/federal-eye/wp/2015/06/28/feds-anger-grows-over-data-breach-amid-predictions-that-the-number-affected-could-rise/?wpisrc,Target,Government/Military Networks,OPM systems,2,-273,205635,,,,,,,,,,8,3,-100|-4
286697,-1,90,2014-03-01T00:00:00.000Z,2015-07-01T00:00:00.000Z,Data Breach,Social Media,http://www.washingtonpost.com/blogs/federal-eye/wp/2015/06/28/feds-anger-grows-over-data-breach-amid-predictions-that-the-number-affected-could-rise/?wpisrc,Effect,Personal Information Stolen/Leaked,stolen family information,5,-522,171361,,,,,,,,,,8,3,-100|-4
286697,-1,90,2014-03-01T00:00:00.000Z,2015-07-01T00:00:00.000Z,Data Breach,Social Media,http://www.washingtonpost.com/blogs/federal-eye/wp/2015/06/28/feds-anger-grows-over-data-breach-amid-predictions-that-the-number-affected-could-rise/?wpisrc,Effect,Personal Information Stolen/Leaked,stolen address history,5,-522,205568,,,,,,,,,,8,3,-100|-4
286697,-1,90,2014-03-01T00:00:00.000Z,2015-07-01T00:00:00.000Z,Data Breach,Social Media,http://www.washingtonpost.com/blogs/federal-eye/wp/2015/06/28/feds-anger-grows-over-data-breach-amid-predictions-that-the-number-affected-could-rise/?wpisrc,Effect,Personal Information Stolen/Leaked,stolen criminal history,5,-522,202929,,,,,,,,,,8,3,-100|-4
286697,-1,90,2014-03-01T00:00:00.000Z,2015-07-01T00:00:00.000Z,Data Breach,Social Media,http://www.washingtonpost.com/blogs/federal-eye/wp/2015/06/28/feds-anger-grows-over-data-breach-amid-predictions-that-the-number-affected-could-rise/?wpisrc,Actor,State-sponsored,state-sponsored Chinese hacker,1,-100,100588,,,,,,,,,,8,3,-100|-4
286697,-1,90,2014-03-01T00:00:00.000Z,2015-07-01T00:00:00.000Z,Data Breach,Social Media,http://www.washingtonpost.com/blogs/federal-eye/wp/2015/06/28/feds-anger-grows-over-data-breach-amid-predictions-that-the-number-affected-could-rise/?wpisrc,Effect,Personal Information Stolen/Leaked,stolen friends information,5,-522,204017,,,,,,,,,,8,3,-100|-4
286697,-1,90,2014-03-01T00:00:00.000Z,2015-07-01T00:00:00.000Z,Data Breach,Social Media,http://www.washingtonpost.com/blogs/federal-eye/wp/2015/06/28/feds-anger-grows-over-data-breach-amid-predictions-that-the-number-affected-could-rise/?wpisrc,Effect,Personal Information Stolen/Leaked,stolen employee data,5,-522,135300,,,,,,,,,,8,3,-100|-4
286697,-1,90,2014-03-01T00:00:00.000Z,2015-07-01T00:00:00.000Z,Data Breach,Social Media,http://www.washingtonpost.com/blogs/federal-eye/wp/2015/06/28/feds-anger-grows-over-data-breach-amid-predictions-that-the-number-affected-could-rise/?wpisrc,Effect,Data Stolen/Leaked,stolen security clearances information,5,-500,201593,,,,,,,,,,8,3,-100|-4
286697,-1,90,2014-03-01T00:00:00.000Z,2015-07-01T00:00:00.000Z,Data Breach,Social Media,http://www.washingtonpost.com/blogs/federal-eye/wp/2015/06/28/feds-anger-grows-over-data-breach-amid-predictions-that-the-number-affected-could-rise/?wpisrc,Practice,Network Intrusion,network security breach,3,-302,40078,,,,,,,,,,8,3,-100|-4
286688,-1,69,2014-03-01T00:00:00.000Z,2015-07-01T00:00:00.000Z,Cyber Attack,Social Media,http://realliberty.tumblr.com/post/122805760616/u-s-forever-threatened-by-opm-data-breach#_=_,,,,,,,Government,Administration and Support,United States government,United States Office of Personnel Management,,-4,139,52617,154989,2,3,-100|-4
286688,-1,69,2014-03-01T00:00:00.000Z,2015-07-01T00:00:00.000Z,Cyber Attack,Social Media,http://realliberty.tumblr.com/post/122805760616/u-s-forever-threatened-by-opm-data-breach#_=_,Effect,Infected/Exploited Assets,compromised network,5,-509,101730,,,,,,,,,,2,3,-100|-4
286688,-1,69,2014-03-01T00:00:00.000Z,2015-07-01T00:00:00.000Z,Cyber Attack,Social Media,http://realliberty.tumblr.com/post/122805760616/u-s-forever-threatened-by-opm-data-breach#_=_,Actor,State-sponsored,state-sponsored Chinese hacker,1,-100,100588,,,,,,,,,,2,3,-100|-4
286688,-1,69,2014-03-01T00:00:00.000Z,2015-07-01T00:00:00.000Z,Cyber Attack,Social Media,http://realliberty.tumblr.com/post/122805760616/u-s-forever-threatened-by-opm-data-breach#_=_,Practice,Network Intrusion,network security breach,3,-302,40078,,,,,,,,,,2,3,-100|-4
286688,-1,69,2014-03-01T00:00:00.000Z,2015-07-01T00:00:00.000Z,Cyber Attack,Social Media,http://realliberty.tumblr.com/post/122805760616/u-s-forever-threatened-by-opm-data-breach#_=_,Target,Government/Military Networks,background check system,2,-273,205040,,,,,,,,,,2,3,-100|-4
457177,0,61,2015-11-12T03:59:01.293Z,2015-11-14T00:00:00.000Z,Vulnerabilities,CVE,http://web.nvd.nist.gov/view/vuln/detail?vulnId=CVE-2015-6363,,,,,,,Information Technology,Communications and Networking,,Cisco Systems,NASDAQ,-7,114,,50189,6,4,-7|-100
457177,0,61,2015-11-12T03:59:01.293Z,2015-11-14T00:00:00.000Z,Vulnerabilities,CVE,http://web.nvd.nist.gov/view/vuln/detail?vulnId=CVE-2015-6363,Positive Actor,Other Organizations,National Institute of Standards and Technology (NIST),6,-600,127886,,,,,,,,,,6,4,-7|-100
457177,0,61,2015-11-12T03:59:01.293Z,2015-11-14T00:00:00.000Z,Vulnerabilities,CVE,http://web.nvd.nist.gov/view/vuln/detail?vulnId=CVE-2015-6363,Practice,Software vulnerability exploit,network exploitable vulnerabilities,3,-308,40302,,,,,,,,,,6,4,-7|-100
457177,0,61,2015-11-12T03:59:01.293Z,2015-11-14T00:00:00.000Z,Vulnerabilities,CVE,http://web.nvd.nist.gov/view/vuln/detail?vulnId=CVE-2015-6363,Effect,Threat Intelligence,vulnerability disclosed,5,-513,148166,,,,,,,,,,6,4,-7|-100
457177,0,61,2015-11-12T03:59:01.293Z,2015-11-14T00:00:00.000Z,Vulnerabilities,CVE,http://web.nvd.nist.gov/view/vuln/detail?vulnId=CVE-2015-6363,Target,Management Software,cisco firesight_system_software 6.0.1,2,-226,381137,,,,,,,,,,6,4,-7|-100
457177,0,61,2015-11-12T03:59:01.293Z,2015-11-14T00:00:00.000Z,Vulnerabilities,CVE,http://web.nvd.nist.gov/view/vuln/detail?vulnId=CVE-2015-6363,Practice,Security Research,vulnerability reporting,3,-311,130198,,,,,,,,,,6,4,-7|-100
457177,0,61,2015-11-12T03:59:01.293Z,2015-11-14T00:00:00.000Z,Vulnerabilities,CVE,http://web.nvd.nist.gov/view/vuln/detail?vulnId=CVE-2015-6363,Practice,Software vulnerability exploit,medium complexity vulnerabilities,3,-308,40304,,,,,,,,,,6,4,-7|-100
457177,0,61,2015-11-12T03:59:01.293Z,2015-11-14T00:00:00.000Z,Vulnerabilities,CVE,http://web.nvd.nist.gov/view/vuln/detail?vulnId=CVE-2015-6363,Target,Management Software,cisco firesight_system_software 5.4.1.4,2,-226,381139,,,,,,,,,,6,4,-7|-100
457177,0,61,2015-11-12T03:59:01.293Z,2015-11-14T00:00:00.000Z,Vulnerabilities,CVE,http://web.nvd.nist.gov/view/vuln/detail?vulnId=CVE-2015-6363,Practice,Software vulnerability exploit,single authentication instance vulnerabilities,3,-308,40307,,,,,,,,,,6,4,-7|-100
457177,0,61,2015-11-12T03:59:01.293Z,2015-11-14T00:00:00.000Z,Vulnerabilities,CVE,http://web.nvd.nist.gov/view/vuln/detail?vulnId=CVE-2015-6363,Effect,Infected/Exploited Assets,low integrity impact,5,-509,40311,,,,,,,,,,6,4,-7|-100
457177,0,61,2015-11-12T03:59:01.293Z,2015-11-14T00:00:00.000Z,Vulnerabilities,CVE,http://web.nvd.nist.gov/view/vuln/detail?vulnId=CVE-2015-6363,Practice,Software vulnerability exploit,cross-site scripting (XSS) vulnerabilities,3,-308,151802,,,,,,,,,,6,4,-7|-100
457177,0,61,2015-11-12T03:59:01.293Z,2015-11-14T00:00:00.000Z,Vulnerabilities,CVE,http://web.nvd.nist.gov/view/vuln/detail?vulnId=CVE-2015-6363,Practice,Software vulnerability exploit,CVE-2015-6363,3,-308,381138,,,,,,,,,,6,4,-7|-100
597599,-1,61,2016-01-26T00:00:00.000Z,2016-01-27T00:00:00.000Z,Vulnerabilities,Social Media,http://hrbt.us/59429,,,,,,,Information Technology,Communications and Networking,,Cisco Systems,NASDAQ,-7,114,,50189,6,3,-7|-100
597599,-1,61,2016-01-26T00:00:00.000Z,2016-01-27T00:00:00.000Z,Vulnerabilities,Social Media,http://hrbt.us/59429,Effect,Infected/Exploited Assets,arbitrary web script injection,5,-509,183891,,,,,,,,,,6,3,-7|-100
597599,-1,61,2016-01-26T00:00:00.000Z,2016-01-27T00:00:00.000Z,Vulnerabilities,Social Media,http://hrbt.us/59429,Practice,Software vulnerability exploit,cross-site scripting (XSS) vulnerabilities,3,-308,151802,,,,,,,,,,6,3,-7|-100
597599,-1,61,2016-01-26T00:00:00.000Z,2016-01-27T00:00:00.000Z,Vulnerabilities,Social Media,http://hrbt.us/59429,Target,Management Software,Cisco FireSight Management Center Web Framework,2,-226,530664,,,,,,,,,,6,3,-7|-100
597599,-1,61,2016-01-26T00:00:00.000Z,2016-01-27T00:00:00.000Z,Vulnerabilities,Social Media,http://hrbt.us/59429,Effect,Threat Intelligence,vulnerability disclosed,5,-513,148166,,,,,,,,,,6,3,-7|-100
597599,-1,61,2016-01-26T00:00:00.000Z,2016-01-27T00:00:00.000Z,Vulnerabilities,Social Media,http://hrbt.us/59429,Positive Actor,Information Security,Beyond Security,6,-107,172518,,,,,,,,,,6,3,-7|-100
597599,-1,61,2016-01-26T00:00:00.000Z,2016-01-27T00:00:00.000Z,Vulnerabilities,Social Media,http://hrbt.us/59429,Practice,Security Research,vulnerability reporting,3,-311,130198,,,,,,,,,,6,3,-7|-100
597599,-1,61,2016-01-26T00:00:00.000Z,2016-01-27T00:00:00.000Z,Vulnerabilities,Social Media,http://hrbt.us/59429,Practice,Software vulnerability exploit,CVE-2015-6363,3,-308,381138,,,,,,,,,,6,3,-7|-100
588019,-1,56,2016-01-19T00:00:00.000Z,2016-01-22T00:00:00.000Z,Vulnerabilities,Social Media,http://www.securityweek.com/apple-fixes-3-year-old-cookie-store-vulnerability-ios,,,,,,,Information Technology,Computer Hardware,,Apple Inc.,NASDAQ,-7,115,,50200,6,3,-7|-100
588019,-1,56,2016-01-19T00:00:00.000Z,2016-01-22T00:00:00.000Z,Vulnerabilities,Social Media,http://www.securityweek.com/apple-fixes-3-year-old-cookie-store-vulnerability-ios,Effect,Threat Intelligence,vulnerability disclosed,5,-513,148166,,,,,,,,,,6,3,-7|-100
588019,-1,56,2016-01-19T00:00:00.000Z,2016-01-22T00:00:00.000Z,Vulnerabilities,Social Media,http://www.securityweek.com/apple-fixes-3-year-old-cookie-store-vulnerability-ios,Effect,Infected/Exploited Assets,allows unauthorized access,5,-509,156945,,,,,,,,,,6,3,-7|-100
588019,-1,56,2016-01-19T00:00:00.000Z,2016-01-22T00:00:00.000Z,Vulnerabilities,Social Media,http://www.securityweek.com/apple-fixes-3-year-old-cookie-store-vulnerability-ios,Effect,Infected/Exploited Assets,allows unauthorized modification,5,-509,156937,,,,,,,,,,6,3,-7|-100
588019,-1,56,2016-01-19T00:00:00.000Z,2016-01-22T00:00:00.000Z,Vulnerabilities,Social Media,http://www.securityweek.com/apple-fixes-3-year-old-cookie-store-vulnerability-ios,Target,Mobile Operating Systems,Apple iOS before 9.2.1,2,-215,514032,,,,,,,,,,6,3,-7|-100
588019,-1,56,2016-01-19T00:00:00.000Z,2016-01-22T00:00:00.000Z,Vulnerabilities,Social Media,http://www.securityweek.com/apple-fixes-3-year-old-cookie-store-vulnerability-ios,Practice,Software vulnerability exploit,CVE-2016-1730,3,-308,516365,,,,,,,,,,6,3,-7|-100
588019,-1,56,2016-01-19T00:00:00.000Z,2016-01-22T00:00:00.000Z,Vulnerabilities,Social Media,http://www.securityweek.com/apple-fixes-3-year-old-cookie-store-vulnerability-ios,Positive Actor,Information Security,Yair Amit,6,-107,130189,,,,,,,,,,6,3,-7|-100
588019,-1,56,2016-01-19T00:00:00.000Z,2016-01-22T00:00:00.000Z,Vulnerabilities,Social Media,http://www.securityweek.com/apple-fixes-3-year-old-cookie-store-vulnerability-ios,Practice,Software vulnerability exploit,cookie store vulnerability,3,-308,516481,,,,,,,,,,6,3,-7|-100
588019,-1,56,2016-01-19T00:00:00.000Z,2016-01-22T00:00:00.000Z,Vulnerabilities,Social Media,http://www.securityweek.com/apple-fixes-3-year-old-cookie-store-vulnerability-ios,Positive Actor,Information Security,Skycure,6,-107,109884,,,,,,,,,,6,3,-7|-100
588019,-1,56,2016-01-19T00:00:00.000Z,2016-01-22T00:00:00.000Z,Vulnerabilities,Social Media,http://www.securityweek.com/apple-fixes-3-year-old-cookie-store-vulnerability-ios,Practice,Security Research,vulnerability reporting,3,-311,130198,,,,,,,,,,6,3,-7|-100
588019,-1,56,2016-01-19T00:00:00.000Z,2016-01-22T00:00:00.000Z,Vulnerabilities,Social Media,http://www.securityweek.com/apple-fixes-3-year-old-cookie-store-vulnerability-ios,Positive Actor,Other Organizations,Apple Inc.,6,-600,158922,,,,,,,,,,6,3,-7|-100
585950,-1,47,2016-01-19T00:00:00.000Z,2016-01-21T00:00:00.000Z,Security Patch,Social Media,https://twitter.com/CyberExaminer/status/690203659209048064/photo/1,,,,,,,Information Technology,Computer Hardware,,Apple Inc.,NASDAQ,-7,115,,50200,3,3,-7|-100
585950,-1,47,2016-01-19T00:00:00.000Z,2016-01-21T00:00:00.000Z,Security Patch,Social Media,https://twitter.com/CyberExaminer/status/690203659209048064/photo/1,Practice,Software vulnerability exploit,CVE-2015-7995,3,-308,389872,,,,,,,,,,3,3,-7|-100
585950,-1,47,2016-01-19T00:00:00.000Z,2016-01-21T00:00:00.000Z,Security Patch,Social Media,https://twitter.com/CyberExaminer/status/690203659209048064/photo/1,Practice,Software vulnerability exploit,CVE-2016-1724,3,-308,516356,,,,,,,,,,3,3,-7|-100
585950,-1,47,2016-01-19T00:00:00.000Z,2016-01-21T00:00:00.000Z,Security Patch,Social Media,https://twitter.com/CyberExaminer/status/690203659209048064/photo/1,Practice,Software vulnerability exploit,CVE-2016-1726,3,-308,516358,,,,,,,,,,3,3,-7|-100
585950,-1,47,2016-01-19T00:00:00.000Z,2016-01-21T00:00:00.000Z,Security Patch,Social Media,https://twitter.com/CyberExaminer/status/690203659209048064/photo/1,Target,Mobile Operating Systems,Apple iOS,2,-215,1159,,,,,,,,,,3,3,-7|-100
585950,-1,47,2016-01-19T00:00:00.000Z,2016-01-21T00:00:00.000Z,Security Patch,Social Media,https://twitter.com/CyberExaminer/status/690203659209048064/photo/1,Practice,Software vulnerability exploit,CVE-2016-1730,3,-308,516365,,,,,,,,,,3,3,-7|-100
585950,-1,47,2016-01-19T00:00:00.000Z,2016-01-21T00:00:00.000Z,Security Patch,Social Media,https://twitter.com/CyberExaminer/status/690203659209048064/photo/1,Practice,Software vulnerability exploit,CVE-2016-1723,3,-308,516355,,,,,,,,,,3,3,-7|-100
585950,-1,47,2016-01-19T00:00:00.000Z,2016-01-21T00:00:00.000Z,Security Patch,Social Media,https://twitter.com/CyberExaminer/status/690203659209048064/photo/1,Target,Development Software,WebKit,2,-223,136229,,,,,,,,,,3,3,-7|-100
585950,-1,47,2016-01-19T00:00:00.000Z,2016-01-21T00:00:00.000Z,Security Patch,Social Media,https://twitter.com/CyberExaminer/status/690203659209048064/photo/1,Practice,Software vulnerability exploit,CVE-2016-1725,3,-308,516357,,,,,,,,,,3,3,-7|-100
585950,-1,47,2016-01-19T00:00:00.000Z,2016-01-21T00:00:00.000Z,Security Patch,Social Media,https://twitter.com/CyberExaminer/status/690203659209048064/photo/1,Positive Actor,Other Organizations,Apple Inc.,6,-600,158922,,,,,,,,,,3,3,-7|-100
585950,-1,47,2016-01-19T00:00:00.000Z,2016-01-21T00:00:00.000Z,Security Patch,Social Media,https://twitter.com/CyberExaminer/status/690203659209048064/photo/1,Practice,Software vulnerability exploit,CVE-2016-1720,3,-308,516364,,,,,,,,,,3,3,-7|-100
585950,-1,47,2016-01-19T00:00:00.000Z,2016-01-21T00:00:00.000Z,Security Patch,Social Media,https://twitter.com/CyberExaminer/status/690203659209048064/photo/1,Practice,Patch Management,patch issued,3,-335,132368,,,,,,,,,,3,3,-7|-100
585950,-1,47,2016-01-19T00:00:00.000Z,2016-01-21T00:00:00.000Z,Security Patch,Social Media,https://twitter.com/CyberExaminer/status/690203659209048064/photo/1,Target,Mobile Operating Systems,Apple iOS 9.2.1,2,-215,516020,,,,,,,,,,3,3,-7|-100
585950,-1,47,2016-01-19T00:00:00.000Z,2016-01-21T00:00:00.000Z,Security Patch,Social Media,https://twitter.com/CyberExaminer/status/690203659209048064/photo/1,Practice,Software vulnerability exploit,CVE-2016-1719,3,-308,516361,,,,,,,,,,3,3,-7|-100
585950,-1,47,2016-01-19T00:00:00.000Z,2016-01-21T00:00:00.000Z,Security Patch,Social Media,https://twitter.com/CyberExaminer/status/690203659209048064/photo/1,Practice,Software vulnerability exploit,CVE-2016-1717,3,-308,516366,,,,,,,,,,3,3,-7|-100
585950,-1,47,2016-01-19T00:00:00.000Z,2016-01-21T00:00:00.000Z,Security Patch,Social Media,https://twitter.com/CyberExaminer/status/690203659209048064/photo/1,Practice,Software vulnerability exploit,CVE-2016-1721,3,-308,516367,,,,,,,,,,3,3,-7|-100
585950,-1,47,2016-01-19T00:00:00.000Z,2016-01-21T00:00:00.000Z,Security Patch,Social Media,https://twitter.com/CyberExaminer/status/690203659209048064/photo/1,Target,Management Software,Kernel-based Virtual Machine (KVM),2,-226,197250,,,,,,,,,,3,3,-7|-100
585950,-1,47,2016-01-19T00:00:00.000Z,2016-01-21T00:00:00.000Z,Security Patch,Social Media,https://twitter.com/CyberExaminer/status/690203659209048064/photo/1,Practice,Software vulnerability exploit,CVE-2016-1727,3,-308,516359,,,,,,,,,,3,3,-7|-100
585950,-1,47,2016-01-19T00:00:00.000Z,2016-01-21T00:00:00.000Z,Security Patch,Social Media,https://twitter.com/CyberExaminer/status/690203659209048064/photo/1,Practice,Software vulnerability exploit,memory corruption vulnerabilities,3,-308,170228,,,,,,,,,,3,3,-7|-100
585950,-1,47,2016-01-19T00:00:00.000Z,2016-01-21T00:00:00.000Z,Security Patch,Social Media,https://twitter.com/CyberExaminer/status/690203659209048064/photo/1,Practice,Software vulnerability exploit,CVE-2016-1722,3,-308,516368,,,,,,,,,,3,3,-7|-100
585950,-1,47,2016-01-19T00:00:00.000Z,2016-01-21T00:00:00.000Z,Security Patch,Social Media,https://twitter.com/CyberExaminer/status/690203659209048064/photo/1,Practice,Software vulnerability exploit,CVE-2016-1728,3,-308,516360,,,,,,,,,,3,3,-7|-100
585950,-1,47,2016-01-19T00:00:00.000Z,2016-01-21T00:00:00.000Z,Security Patch,Social Media,https://twitter.com/CyberExaminer/status/690203659209048064/photo/1,Effect,Software Patched/Updated,software updated,5,-510,128032,,,,,,,,,,3,3,-7|-100
216017,-1,20,,2014-10-08T00:00:00.000Z,,Bug Report,https://jira.spring.io/browse/SEC-2733,,,,,,,Information Technology,IT Services and Consulting,,"Pivotal Software, Inc.",,-7,117,,116773,,5,-7|-100
216017,-1,20,,2014-10-08T00:00:00.000Z,,Bug Report,https://jira.spring.io/browse/SEC-2733,Practice,Unauthorized Access,security vulnerability,3,-303,19558,,,,,,,,,,,5,-7|-100
216017,-1,20,,2014-10-08T00:00:00.000Z,,Bug Report,https://jira.spring.io/browse/SEC-2733,Practice,Software vulnerability exploit,software vulnerability,3,-308,10682,,,,,,,,,,,5,-7|-100
216017,-1,20,,2014-10-08T00:00:00.000Z,,Bug Report,https://jira.spring.io/browse/SEC-2733,Practice,Unauthorized Access,cross-site scripting (XSS),3,-303,102473,,,,,,,,,,,5,-7|-100
448916,-1,34,,2015-11-09T00:00:00.000Z,Vulnerabilities,Bug Report,https://issues.apache.org/jira/browse/GROOVY-7664,,,,,,,Information Technology,Software,,Codehaus,,-7,118,,55406,6,5,-7|-100
448916,-1,34,,2015-11-09T00:00:00.000Z,Vulnerabilities,Bug Report,https://issues.apache.org/jira/browse/GROOVY-7664,Practice,Software vulnerability exploit,software vulnerability,3,-308,10682,,,,,,,,,,6,5,-7|-100
448916,-1,34,,2015-11-09T00:00:00.000Z,Vulnerabilities,Bug Report,https://issues.apache.org/jira/browse/GROOVY-7664,Effect,Infected/Exploited Assets,arbitrary code execution,5,-509,21317,,,,,,,,,,6,5,-7|-100
448916,-1,34,,2015-11-09T00:00:00.000Z,Vulnerabilities,Bug Report,https://issues.apache.org/jira/browse/GROOVY-7664,Practice,Unauthorized Access,vulnerability,3,-303,8290,,,,,,,,,,6,5,-7|-100
585828,-1,65,2016-01-14T00:00:00.000Z,2016-01-21T00:00:00.000Z,Illegal Trade,Cyber Risk Cloud,https://www.surfwatchlabs.com/cyber-data/user_data/cyber_facts/-77319,,,,,,,Government,Regulation and Licensing,United States government,Florida Department of Highway Safety and Motor Vehicles (DHSMV),,-4,158,52617,207950,11,8,-101
585828,-1,65,2016-01-14T00:00:00.000Z,2016-01-21T00:00:00.000Z,Illegal Trade,Cyber Risk Cloud,https://www.surfwatchlabs.com/cyber-data/user_data/cyber_facts/-77319,Effect,Fraud,identity fraud,5,-525,106535,,,,,,,,,,11,8,-101
585828,-1,65,2016-01-14T00:00:00.000Z,2016-01-21T00:00:00.000Z,Illegal Trade,Cyber Risk Cloud,https://www.surfwatchlabs.com/cyber-data/user_data/cyber_facts/-77319,Actor,Dark Web Actor,COLOR,1,-111,208687,,,,,,,,,,11,8,-101
585828,-1,65,2016-01-14T00:00:00.000Z,2016-01-21T00:00:00.000Z,Illegal Trade,Cyber Risk Cloud,https://www.surfwatchlabs.com/cyber-data/user_data/cyber_facts/-77319,Practice,Illicit Distribution,counterfeit documents,3,-305,208326,,,,,,,,,,11,8,-101
585828,-1,65,2016-01-14T00:00:00.000Z,2016-01-21T00:00:00.000Z,Illegal Trade,Cyber Risk Cloud,https://www.surfwatchlabs.com/cyber-data/user_data/cyber_facts/-77319,Target,Data,Florida drivers license data,2,-211,371129,,,,,,,,,,11,8,-101
585828,-1,65,2016-01-14T00:00:00.000Z,2016-01-21T00:00:00.000Z,Illegal Trade,Cyber Risk Cloud,https://www.surfwatchlabs.com/cyber-data/user_data/cyber_facts/-77319,Actor,Black Market,Valhalla/Silkkitie,1,-112,329706,,,,,,,,,,11,8,-101
557045,-1,65,2016-01-06T00:00:00.000Z,2016-01-06T00:00:00.000Z,Illegal Trade,Cyber Risk Cloud,https://www.surfwatchlabs.com/cyber-data/user_data/cyber_facts/-76273,,,,,,,Government,Central Government,French government,French government,,-4,141,52654,52654,11,8,-101
557045,-1,65,2016-01-06T00:00:00.000Z,2016-01-06T00:00:00.000Z,Illegal Trade,Cyber Risk Cloud,https://www.surfwatchlabs.com/cyber-data/user_data/cyber_facts/-76273,Effect,Fraud,counterfeit fraud,5,-525,202130,,,,,,,,,,11,8,-101
557045,-1,65,2016-01-06T00:00:00.000Z,2016-01-06T00:00:00.000Z,Illegal Trade,Cyber Risk Cloud,https://www.surfwatchlabs.com/cyber-data/user_data/cyber_facts/-76273,Target,Data,national identity card,2,-211,209566,,,,,,,,,,11,8,-101
557045,-1,65,2016-01-06T00:00:00.000Z,2016-01-06T00:00:00.000Z,Illegal Trade,Cyber Risk Cloud,https://www.surfwatchlabs.com/cyber-data/user_data/cyber_facts/-76273,Actor,Dark Web Actor,MikeDelacruz,1,-111,371081,,,,,,,,,,11,8,-101
557045,-1,65,2016-01-06T00:00:00.000Z,2016-01-06T00:00:00.000Z,Illegal Trade,Cyber Risk Cloud,https://www.surfwatchlabs.com/cyber-data/user_data/cyber_facts/-76273,Actor,Black Market,Dream Market,1,-112,203439,,,,,,,,,,11,8,-101
557045,-1,65,2016-01-06T00:00:00.000Z,2016-01-06T00:00:00.000Z,Illegal Trade,Cyber Risk Cloud,https://www.surfwatchlabs.com/cyber-data/user_data/cyber_facts/-76273,Practice,Illicit Distribution,counterfeit documents,3,-305,208326,,,,,,,,,,11,8,-101
597303,-1,79,2016-01-27T00:00:00.000Z,2016-01-27T00:00:00.000Z,Illegal Trade,Cyber Risk Cloud,https://www.surfwatchlabs.com/cyber-data/user_data/cyber_facts/-77586,,,,,,,Industrials,Business Support Services,,Mastercard Inc.,NYSE,-11,33,,53989,11,8,-101
597303,-1,79,2016-01-27T00:00:00.000Z,2016-01-27T00:00:00.000Z,Illegal Trade,Cyber Risk Cloud,https://www.surfwatchlabs.com/cyber-data/user_data/cyber_facts/-77586,,,,,,,Other Organizations,Other Individuals,,US citizens,,-12,180,,118642,11,8,-101
597303,-1,79,2016-01-27T00:00:00.000Z,2016-01-27T00:00:00.000Z,Illegal Trade,Cyber Risk Cloud,https://www.surfwatchlabs.com/cyber-data/user_data/cyber_facts/-77586,Practice,Illicit Distribution,crimeware trade,3,-305,40325,,,,,,,,,,11,8,-101
597303,-1,79,2016-01-27T00:00:00.000Z,2016-01-27T00:00:00.000Z,Illegal Trade,Cyber Risk Cloud,https://www.surfwatchlabs.com/cyber-data/user_data/cyber_facts/-77586,Target,Data,payment card data,2,-211,110093,,,,,,,,,,11,8,-101
597303,-1,79,2016-01-27T00:00:00.000Z,2016-01-27T00:00:00.000Z,Illegal Trade,Cyber Risk Cloud,https://www.surfwatchlabs.com/cyber-data/user_data/cyber_facts/-77586,Effect,Financial Information Stolen/Leaked,leaked payment card data,5,-528,134346,,,,,,,,,,11,8,-101
597303,-1,79,2016-01-27T00:00:00.000Z,2016-01-27T00:00:00.000Z,Illegal Trade,Cyber Risk Cloud,https://www.surfwatchlabs.com/cyber-data/user_data/cyber_facts/-77586,Actor,Dark Web Actor,fake,1,-111,198535,,,,,,,,,,11,8,-101
597303,-1,79,2016-01-27T00:00:00.000Z,2016-01-27T00:00:00.000Z,Illegal Trade,Cyber Risk Cloud,https://www.surfwatchlabs.com/cyber-data/user_data/cyber_facts/-77586,Actor,Black Market,Dr. D's Multilingual Market,1,-112,230587,,,,,,,,,,11,8,-101
248873,-1,62,2014-12-10T00:00:00.000Z,2015-02-11T00:00:00.000Z,Data Breach,Social Media,http://www.nuemd.com/news/2015/02/09/anthem-hack-largest-healthcare-data-breach-yet?utm_content=buffer13bae&utm_medium=social&utm_source=twitter.com&utm_campaign=buffer,,,,,,,Healthcare,Managed Healthcare,,Blue Cross Blue Shield Association (BCBSA),,-5,108,,99655,8,3,-100|-5
248873,-1,62,2014-12-10T00:00:00.000Z,2015-02-11T00:00:00.000Z,Data Breach,Social Media,http://www.nuemd.com/news/2015/02/09/anthem-hack-largest-healthcare-data-breach-yet?utm_content=buffer13bae&utm_medium=social&utm_source=twitter.com&utm_campaign=buffer,Effect,Personal Information Stolen/Leaked,stolen mailing addresses,5,-522,142364,,,,,,,,,,8,3,-100|-5
248873,-1,62,2014-12-10T00:00:00.000Z,2015-02-11T00:00:00.000Z,Data Breach,Social Media,http://www.nuemd.com/news/2015/02/09/anthem-hack-largest-healthcare-data-breach-yet?utm_content=buffer13bae&utm_medium=social&utm_source=twitter.com&utm_campaign=buffer,Actor,Identity Unknown,unknown,1,-105,1212,,,,,,,,,,8,3,-100|-5
248873,-1,62,2014-12-10T00:00:00.000Z,2015-02-11T00:00:00.000Z,Data Breach,Social Media,http://www.nuemd.com/news/2015/02/09/anthem-hack-largest-healthcare-data-breach-yet?utm_content=buffer13bae&utm_medium=social&utm_source=twitter.com&utm_campaign=buffer,Effect,Personal Information Stolen/Leaked,stolen names,5,-522,21361,,,,,,,,,,8,3,-100|-5
248873,-1,62,2014-12-10T00:00:00.000Z,2015-02-11T00:00:00.000Z,Data Breach,Social Media,http://www.nuemd.com/news/2015/02/09/anthem-hack-largest-healthcare-data-breach-yet?utm_content=buffer13bae&utm_medium=social&utm_source=twitter.com&utm_campaign=buffer,Practice,Network Intrusion,network security breach,3,-302,40078,,,,,,,,,,8,3,-100|-5
248873,-1,62,2014-12-10T00:00:00.000Z,2015-02-11T00:00:00.000Z,Data Breach,Social Media,http://www.nuemd.com/news/2015/02/09/anthem-hack-largest-healthcare-data-breach-yet?utm_content=buffer13bae&utm_medium=social&utm_source=twitter.com&utm_campaign=buffer,Target,Data,customer data,2,-211,7812,,,,,,,,,,8,3,-100|-5
248873,-1,62,2014-12-10T00:00:00.000Z,2015-02-11T00:00:00.000Z,Data Breach,Social Media,http://www.nuemd.com/news/2015/02/09/anthem-hack-largest-healthcare-data-breach-yet?utm_content=buffer13bae&utm_medium=social&utm_source=twitter.com&utm_campaign=buffer,Effect,Personal Information Stolen/Leaked,stolen employee data,5,-522,135300,,,,,,,,,,8,3,-100|-5
248873,-1,62,2014-12-10T00:00:00.000Z,2015-02-11T00:00:00.000Z,Data Breach,Social Media,http://www.nuemd.com/news/2015/02/09/anthem-hack-largest-healthcare-data-breach-yet?utm_content=buffer13bae&utm_medium=social&utm_source=twitter.com&utm_campaign=buffer,Target,Data,employee data,2,-211,145981,,,,,,,,,,8,3,-100|-5
248873,-1,62,2014-12-10T00:00:00.000Z,2015-02-11T00:00:00.000Z,Data Breach,Social Media,http://www.nuemd.com/news/2015/02/09/anthem-hack-largest-healthcare-data-breach-yet?utm_content=buffer13bae&utm_medium=social&utm_source=twitter.com&utm_campaign=buffer,Effect,Personal Information Stolen/Leaked,stolen email addresses,5,-522,8183,,,,,,,,,,8,3,-100|-5
248873,-1,62,2014-12-10T00:00:00.000Z,2015-02-11T00:00:00.000Z,Data Breach,Social Media,http://www.nuemd.com/news/2015/02/09/anthem-hack-largest-healthcare-data-breach-yet?utm_content=buffer13bae&utm_medium=social&utm_source=twitter.com&utm_campaign=buffer,Effect,Personal Information Stolen/Leaked,stolen income data,5,-522,179243,,,,,,,,,,8,3,-100|-5
248873,-1,62,2014-12-10T00:00:00.000Z,2015-02-11T00:00:00.000Z,Data Breach,Social Media,http://www.nuemd.com/news/2015/02/09/anthem-hack-largest-healthcare-data-breach-yet?utm_content=buffer13bae&utm_medium=social&utm_source=twitter.com&utm_campaign=buffer,Effect,Personal Information Stolen/Leaked,stolen dates of birth,5,-522,168773,,,,,,,,,,8,3,-100|-5
252599,-1,69,2014-12-10T00:00:00.000Z,2015-02-26T00:00:00.000Z,,Social Media,http://www.databreachtoday.com/anthem-breach-tally-788-million-affected-a-7946,,,,,,,Healthcare,Managed Healthcare,,Blue Cross Blue Shield Association (BCBSA),,-5,108,,99655,,3,-100|-5
252599,-1,69,2014-12-10T00:00:00.000Z,2015-02-26T00:00:00.000Z,,Social Media,http://www.databreachtoday.com/anthem-breach-tally-788-million-affected-a-7946,Practice,Network Intrusion,network security breach,3,-302,40078,,,,,,,,,,,3,-100|-5
252599,-1,69,2014-12-10T00:00:00.000Z,2015-02-26T00:00:00.000Z,,Social Media,http://www.databreachtoday.com/anthem-breach-tally-788-million-affected-a-7946,Actor,Identity Unknown,unidentified hacker,1,-105,17597,,,,,,,,,,,3,-100|-5
252599,-1,69,2014-12-10T00:00:00.000Z,2015-02-26T00:00:00.000Z,,Social Media,http://www.databreachtoday.com/anthem-breach-tally-788-million-affected-a-7946,Effect,Personal Information Stolen/Leaked,stolen personal information,5,-522,4830,,,,,,,,,,,3,-100|-5
252599,-1,69,2014-12-10T00:00:00.000Z,2015-02-26T00:00:00.000Z,,Social Media,http://www.databreachtoday.com/anthem-breach-tally-788-million-affected-a-7946,Effect,Personal Information Stolen/Leaked,stolen mailing addresses,5,-522,142364,,,,,,,,,,,3,-100|-5
252599,-1,69,2014-12-10T00:00:00.000Z,2015-02-26T00:00:00.000Z,,Social Media,http://www.databreachtoday.com/anthem-breach-tally-788-million-affected-a-7946,Effect,Personal Information Stolen/Leaked,stolen dates of birth,5,-522,168773,,,,,,,,,,,3,-100|-5
252599,-1,69,2014-12-10T00:00:00.000Z,2015-02-26T00:00:00.000Z,,Social Media,http://www.databreachtoday.com/anthem-breach-tally-788-million-affected-a-7946,Effect,Data Stolen/Leaked,data breach,5,-500,2490,,,,,,,,,,,3,-100|-5
252599,-1,69,2014-12-10T00:00:00.000Z,2015-02-26T00:00:00.000Z,,Social Media,http://www.databreachtoday.com/anthem-breach-tally-788-million-affected-a-7946,Target,Data,customer data,2,-211,7812,,,,,,,,,,,3,-100|-5
252599,-1,69,2014-12-10T00:00:00.000Z,2015-02-26T00:00:00.000Z,,Social Media,http://www.databreachtoday.com/anthem-breach-tally-788-million-affected-a-7946,Effect,Personal Information Stolen/Leaked,stolen phone numbers,5,-522,15562,,,,,,,,,,,3,-100|-5
252599,-1,69,2014-12-10T00:00:00.000Z,2015-02-26T00:00:00.000Z,,Social Media,http://www.databreachtoday.com/anthem-breach-tally-788-million-affected-a-7946,Effect,Personal Information Stolen/Leaked,stolen social security numbers,5,-522,8383,,,,,,,,,,,3,-100|-5
252599,-1,69,2014-12-10T00:00:00.000Z,2015-02-26T00:00:00.000Z,,Social Media,http://www.databreachtoday.com/anthem-breach-tally-788-million-affected-a-7946,Effect,Personal Information Stolen/Leaked,stolen income data,5,-522,179243,,,,,,,,,,,3,-100|-5
252599,-1,69,2014-12-10T00:00:00.000Z,2015-02-26T00:00:00.000Z,,Social Media,http://www.databreachtoday.com/anthem-breach-tally-788-million-affected-a-7946,Effect,Personal Information Stolen/Leaked,stolen member health ID numbers,5,-522,181844,,,,,,,,,,,3,-100|-5
252599,-1,69,2014-12-10T00:00:00.000Z,2015-02-26T00:00:00.000Z,,Social Media,http://www.databreachtoday.com/anthem-breach-tally-788-million-affected-a-7946,Effect,Personal Information Stolen/Leaked,stolen employment information,5,-522,130997,,,,,,,,,,,3,-100|-5
252599,-1,69,2014-12-10T00:00:00.000Z,2015-02-26T00:00:00.000Z,,Social Media,http://www.databreachtoday.com/anthem-breach-tally-788-million-affected-a-7946,Effect,Personal Information Stolen/Leaked,stolen names,5,-522,21361,,,,,,,,,,,3,-100|-5
380844,-1,69,2013-12-01T00:00:00.000Z,2015-10-04T00:00:00.000Z,Cyber Attack,Social Media,http://netsecu.org/i/3acc45006,,,,,,,Financials,Investment Banking and Brokerage Services,,"Scottrade, Inc.",,-3,88,,299482,2,3,-100|-3
380844,-1,69,2013-12-01T00:00:00.000Z,2015-10-04T00:00:00.000Z,Cyber Attack,Social Media,http://netsecu.org/i/3acc45006,Practice,Network Intrusion,network security breach,3,-302,40078,,,,,,,,,,2,3,-100|-3
380844,-1,69,2013-12-01T00:00:00.000Z,2015-10-04T00:00:00.000Z,Cyber Attack,Social Media,http://netsecu.org/i/3acc45006,Target,Data,customer data,2,-211,7812,,,,,,,,,,2,3,-100|-3
380844,-1,69,2013-12-01T00:00:00.000Z,2015-10-04T00:00:00.000Z,Cyber Attack,Social Media,http://netsecu.org/i/3acc45006,Actor,Identity Unknown,unidentified hacker,1,-105,17597,,,,,,,,,,2,3,-100|-3
380844,-1,69,2013-12-01T00:00:00.000Z,2015-10-04T00:00:00.000Z,Cyber Attack,Social Media,http://netsecu.org/i/3acc45006,Practice,Unauthorized Access,unauthorized database access,3,-303,122930,,,,,,,,,,2,3,-100|-3
380844,-1,69,2013-12-01T00:00:00.000Z,2015-10-04T00:00:00.000Z,Cyber Attack,Social Media,http://netsecu.org/i/3acc45006,Effect,Personal Information Stolen/Leaked,stolen names,5,-522,21361,,,,,,,,,,2,3,-100|-3
380844,-1,69,2013-12-01T00:00:00.000Z,2015-10-04T00:00:00.000Z,Cyber Attack,Social Media,http://netsecu.org/i/3acc45006,Effect,Personal Information Stolen/Leaked,stolen mailing addresses,5,-522,142364,,,,,,,,,,2,3,-100|-3
380844,-1,69,2013-12-01T00:00:00.000Z,2015-10-04T00:00:00.000Z,Cyber Attack,Social Media,http://netsecu.org/i/3acc45006,Effect,Data Stolen/Leaked,data breach,5,-500,2490,,,,,,,,,,2,3,-100|-3
380859,-1,59,2013-12-01T00:00:00.000Z,2015-10-04T00:00:00.000Z,Cyber Attack,Social Media,https://twitter.com/CTIN_Global/status/650060424830976000/photo/1,,,,,,,Financials,Investment Banking and Brokerage Services,,"Scottrade, Inc.",,-3,88,,299482,2,3,-100|-3
380859,-1,59,2013-12-01T00:00:00.000Z,2015-10-04T00:00:00.000Z,Cyber Attack,Social Media,https://twitter.com/CTIN_Global/status/650060424830976000/photo/1,Actor,Identity Unknown,unidentified hacker,1,-105,17597,,,,,,,,,,2,3,-100|-3
380859,-1,59,2013-12-01T00:00:00.000Z,2015-10-04T00:00:00.000Z,Cyber Attack,Social Media,https://twitter.com/CTIN_Global/status/650060424830976000/photo/1,Effect,Data Stolen/Leaked,data breach,5,-500,2490,,,,,,,,,,2,3,-100|-3
380859,-1,59,2013-12-01T00:00:00.000Z,2015-10-04T00:00:00.000Z,Cyber Attack,Social Media,https://twitter.com/CTIN_Global/status/650060424830976000/photo/1,Target,Data,customer data,2,-211,7812,,,,,,,,,,2,3,-100|-3
380859,-1,59,2013-12-01T00:00:00.000Z,2015-10-04T00:00:00.000Z,Cyber Attack,Social Media,https://twitter.com/CTIN_Global/status/650060424830976000/photo/1,Effect,Personal Information Stolen/Leaked,stolen mailing addresses,5,-522,142364,,,,,,,,,,2,3,-100|-3
380859,-1,59,2013-12-01T00:00:00.000Z,2015-10-04T00:00:00.000Z,Cyber Attack,Social Media,https://twitter.com/CTIN_Global/status/650060424830976000/photo/1,Practice,Unauthorized Access,unauthorized server access,3,-303,185795,,,,,,,,,,2,3,-100|-3
380859,-1,59,2013-12-01T00:00:00.000Z,2015-10-04T00:00:00.000Z,Cyber Attack,Social Media,https://twitter.com/CTIN_Global/status/650060424830976000/photo/1,Effect,Personal Information Stolen/Leaked,stolen names,5,-522,21361,,,,,,,,,,2,3,-100|-3
387910,-1,69,2015-10-02T00:00:00.000Z,2015-10-08T00:00:00.000Z,Data Breach,Article,http://oag.ca.gov/ecrime/databreach/reports/sb24-58084,,,,,,,Financials,Investment Banking and Brokerage Services,,"Scottrade, Inc.",,-3,88,,299482,8,2,-100|-3
387910,-1,69,2015-10-02T00:00:00.000Z,2015-10-08T00:00:00.000Z,Data Breach,Article,http://oag.ca.gov/ecrime/databreach/reports/sb24-58084,Practice,Network Intrusion,network security breach,3,-302,40078,,,,,,,,,,8,2,-100|-3
387910,-1,69,2015-10-02T00:00:00.000Z,2015-10-08T00:00:00.000Z,Data Breach,Article,http://oag.ca.gov/ecrime/databreach/reports/sb24-58084,Target,Data,customer data,2,-211,7812,,,,,,,,,,8,2,-100|-3
387910,-1,69,2015-10-02T00:00:00.000Z,2015-10-08T00:00:00.000Z,Data Breach,Article,http://oag.ca.gov/ecrime/databreach/reports/sb24-58084,Effect,Personal Information Stolen/Leaked,stolen mailing addresses,5,-522,142364,,,,,,,,,,8,2,-100|-3
387910,-1,69,2015-10-02T00:00:00.000Z,2015-10-08T00:00:00.000Z,Data Breach,Article,http://oag.ca.gov/ecrime/databreach/reports/sb24-58084,Actor,Identity Unknown,unknown,1,-105,1212,,,,,,,,,,8,2,-100|-3
387910,-1,69,2015-10-02T00:00:00.000Z,2015-10-08T00:00:00.000Z,Data Breach,Article,http://oag.ca.gov/ecrime/databreach/reports/sb24-58084,Effect,Personal Information Stolen/Leaked,stolen email addresses,5,-522,8183,,,,,,,,,,8,2,-100|-3
387910,-1,69,2015-10-02T00:00:00.000Z,2015-10-08T00:00:00.000Z,Data Breach,Article,http://oag.ca.gov/ecrime/databreach/reports/sb24-58084,Effect,Personal Information Stolen/Leaked,stolen names,5,-522,21361,,,,,,,,,,8,2,-100|-3
387910,-1,69,2015-10-02T00:00:00.000Z,2015-10-08T00:00:00.000Z,Data Breach,Article,http://oag.ca.gov/ecrime/databreach/reports/sb24-58084,Effect,Personal Information Stolen/Leaked,stolen social security numbers,5,-522,8383,,,,,,,,,,8,2,-100|-3
387910,-1,69,2015-10-02T00:00:00.000Z,2015-10-08T00:00:00.000Z,Data Breach,Article,http://oag.ca.gov/ecrime/databreach/reports/sb24-58084,Effect,Data Stolen/Leaked,data breach,5,-500,2490,,,,,,,,,,8,2,-100|-3
387910,-1,69,2015-10-02T00:00:00.000Z,2015-10-08T00:00:00.000Z,Data Breach,Article,http://oag.ca.gov/ecrime/databreach/reports/sb24-58084,Effect,Data Stolen/Leaked,stolen customer data,5,-500,18712,,,,,,,,,,8,2,-100|-3
489158,1,40,2015-11-24T00:00:00.000Z,2015-11-28T00:00:00.000Z,Legal Actions,Social Media,http://www.businessinsider.com/talktalk-fifth-arrest-18-year-old-boy-wales-2015-11,,,,,,,Telecommunications,Integrated Telecommunications Services,,TalkTalk Telecom Group plc,LSE,-13,119,,182493,5,3,-13|-100
489158,1,40,2015-11-24T00:00:00.000Z,2015-11-28T00:00:00.000Z,Legal Actions,Social Media,http://www.businessinsider.com/talktalk-fifth-arrest-18-year-old-boy-wales-2015-11,Practice,Network Intrusion,network security breach,3,-302,40078,,,,,,,,,,5,3,-13|-100
489158,1,40,2015-11-24T00:00:00.000Z,2015-11-28T00:00:00.000Z,Legal Actions,Social Media,http://www.businessinsider.com/talktalk-fifth-arrest-18-year-old-boy-wales-2015-11,Actor,Identity Unknown,unidentified UK hacker,1,-105,107953,,,,,,,,,,5,3,-13|-100
489158,1,40,2015-11-24T00:00:00.000Z,2015-11-28T00:00:00.000Z,Legal Actions,Social Media,http://www.businessinsider.com/talktalk-fifth-arrest-18-year-old-boy-wales-2015-11,Positive Actor,Law Enforcement/Authority,UK Law Enforcement authorities,6,-108,127491,,,,,,,,,,5,3,-13|-100
489158,1,40,2015-11-24T00:00:00.000Z,2015-11-28T00:00:00.000Z,Legal Actions,Social Media,http://www.businessinsider.com/talktalk-fifth-arrest-18-year-old-boy-wales-2015-11,Practice,Law Enforcement Intervention,suspected hacker arrested,3,-310,123699,,,,,,,,,,5,3,-13|-100
489158,1,40,2015-11-24T00:00:00.000Z,2015-11-28T00:00:00.000Z,Legal Actions,Social Media,http://www.businessinsider.com/talktalk-fifth-arrest-18-year-old-boy-wales-2015-11,Effect,Charges and Penalties,arrested in connection with TalkTalk hack,5,-527,353399,,,,,,,,,,5,3,-13|-100
610930,-1,47,2016-02-02T00:00:00.000Z,2016-02-04T00:00:00.000Z,Legal Actions,Social Media,http://itsecuritynews.info/2016/02/04/former-doe-employee-pleads-guilty-to-spear-phishing-attack-against-govt-computers/,,,,,,,Government,Defense and Research,United States government,US Department of Energy,,-4,144,52617,55182,5,3,-100|-4
610930,-1,47,2016-02-02T00:00:00.000Z,2016-02-04T00:00:00.000Z,Legal Actions,Social Media,http://itsecuritynews.info/2016/02/04/former-doe-employee-pleads-guilty-to-spear-phishing-attack-against-govt-computers/,Practice,Social Engineering,spear phishing,3,-304,1412,,,,,,,,,,5,3,-100|-4
610930,-1,47,2016-02-02T00:00:00.000Z,2016-02-04T00:00:00.000Z,Legal Actions,Social Media,http://itsecuritynews.info/2016/02/04/former-doe-employee-pleads-guilty-to-spear-phishing-attack-against-govt-computers/,Actor,Individual,Charles Harvey Eccleston,1,-101,196341,,,,,,,,,,5,3,-100|-4
610930,-1,47,2016-02-02T00:00:00.000Z,2016-02-04T00:00:00.000Z,Legal Actions,Social Media,http://itsecuritynews.info/2016/02/04/former-doe-employee-pleads-guilty-to-spear-phishing-attack-against-govt-computers/,Practice,Law Enforcement Intervention,criminal charges,3,-310,124224,,,,,,,,,,5,3,-100|-4
610930,-1,47,2016-02-02T00:00:00.000Z,2016-02-04T00:00:00.000Z,Legal Actions,Social Media,http://itsecuritynews.info/2016/02/04/former-doe-employee-pleads-guilty-to-spear-phishing-attack-against-govt-computers/,Effect,Charges and Penalties,charged with attempted unauthorized access to protected computer,5,-527,546271,,,,,,,,,,5,3,-100|-4
610930,-1,47,2016-02-02T00:00:00.000Z,2016-02-04T00:00:00.000Z,Legal Actions,Social Media,http://itsecuritynews.info/2016/02/04/former-doe-employee-pleads-guilty-to-spear-phishing-attack-against-govt-computers/,Effect,Charges and Penalties,charged with attempted unauthorized access,5,-527,546272,,,,,,,,,,5,3,-100|-4
610930,-1,47,2016-02-02T00:00:00.000Z,2016-02-04T00:00:00.000Z,Legal Actions,Social Media,http://itsecuritynews.info/2016/02/04/former-doe-employee-pleads-guilty-to-spear-phishing-attack-against-govt-computers/,Effect,Charges and Penalties,pleaded guilty to spear-phishing attacks,5,-527,546273,,,,,,,,,,5,3,-100|-4
610930,-1,47,2016-02-02T00:00:00.000Z,2016-02-04T00:00:00.000Z,Legal Actions,Social Media,http://itsecuritynews.info/2016/02/04/former-doe-employee-pleads-guilty-to-spear-phishing-attack-against-govt-computers/,Target,Private Networks,enterprise networks,2,-278,104837,,,,,,,,,,5,3,-100|-4
610930,-1,47,2016-02-02T00:00:00.000Z,2016-02-04T00:00:00.000Z,Legal Actions,Social Media,http://itsecuritynews.info/2016/02/04/former-doe-employee-pleads-guilty-to-spear-phishing-attack-against-govt-computers/,Practice,Law Enforcement Intervention,suspected arrested,3,-310,155081,,,,,,,,,,5,3,-100|-4
610930,-1,47,2016-02-02T00:00:00.000Z,2016-02-04T00:00:00.000Z,Legal Actions,Social Media,http://itsecuritynews.info/2016/02/04/former-doe-employee-pleads-guilty-to-spear-phishing-attack-against-govt-computers/,Positive Actor,Law Enforcement/Authority,US Law Enforcement authorities,6,-108,123946,,,,,,,,,,5,3,-100|-4
